Rank,Name,Median_score,Cooperation_rating,Wins,Initial_C_rate,CC_rate,CD_rate,DC_rate,DD_rate,CC_to_C_rate,CD_to_C_rate,DC_to_C_rate,DD_to_C_rate
0,"First by Tideman and Chieruzzi: (D, D)",3.0309623430962342,0.5342259414225942,196.0,1.0,0.46661087866108786,0.06761506276150628,0.2890376569037657,0.1767364016736402,0.7054251984399044,0,0.5602678571428571,0
1,"Michaelos: (D,)",2.989121338912134,0.6826778242677825,177.0,1.0,0.6088702928870293,0.07380753138075315,0.2107112970711297,0.10661087866108787,0.7844274479009642,0,0.44673336998918395,0
2,"Alexei: (D,)",2.98326359832636,0.7009205020920503,172.0,1.0,0.6174058577405858,0.08351464435146444,0.2082008368200837,0.09087866108786612,0.7818405962794144,0,0.819927536231884,0
3,"EugineNier: (D,)",2.980753138075314,0.701255230125523,171.0,1.0,0.6177405857740585,0.08351464435146443,0.20803347280334727,0.0907112970711297,0.782706369851501,0,0.836,0
4,"Stalker: (D,)",2.928870292887029,0.7193305439330544,169.0,1.0,0.6235983263598327,0.09573221757322174,0.19514644351464433,0.08552301255230126,0.7616230249123902,0.3696416678559536,0.8118757259001163,0.388188608776844
5,"BackStabber: (D, D)",2.9230125523012553,0.6,177.0,1.0,0.502092050209205,0.09790794979079499,0.2555648535564854,0.14443514644351466,0.6931042549876631,0.7249740047534166,0,0
6,"First by Stein and Rapoport: 0.05: (D, D)",2.922175732217573,0.6,178.0,1.0,0.5019246861924685,0.09807531380753139,0.25422594142259414,0.14577405857740589,0.6879905844031406,0.7425176675176675,0,0
7,"DoubleCrosser: (D, D)",2.9188284518828453,0.6,177.0,1.0,0.5010878661087865,0.0989121338912134,0.25405857740585774,0.14594142259414228,0.6897316684312201,0.7213082155939299,0,0
8,Knowledgeable Worse and Worse,2.8803347280334726,0.39531380753138073,188.0,0.7882845188284519,0.2994142259414226,0.09589958158995816,0.342092050209205,0.26259414225941424,0.4129345875824749,0.4609463453213453,0.3049633815258815,0.313324727481354
9,Predator,2.8594142259414226,0.23447698744769874,214.0,1.0,0.1775732217573222,0.05690376569037658,0.3892887029288703,0.37623430962343096,0.6666666666666666,0,0.37301056431491214,0.3572858622858622
10,Prober 3,2.8585774058577407,0.28736401673640166,159.0,0.0,0.11112970711297072,0.17623430962343098,0.45456066945606693,0.2580753138075314,0.8140000000000001,0,0.7580452411438325,0.49338415207980424
11,Meta Winner Ensemble: 217 players,2.8435146443514645,0.4793305439330544,154.0,0.9364016736401674,0.358326359832636,0.12100418410041841,0.3126359832635983,0.20803347280334727,0.4627852481834783,0.5680909863945579,0.3070258093355919,0.5004162504162504
12,Handshake,2.831799163179916,0.24368200836820084,202.0,1.0,0.1901255230125523,0.05355648535564854,0.3752301255230126,0.3810878661087866,0.42435897435897435,0.8658730158730159,0,0.6412840136054421
13,"ZD-Extortion: 0.2, 0.1, 1",2.831799163179916,0.5218410041841004,149.0,1.0,0.4266108786610879,0.09523012552301256,0.26644351464435145,0.21171548117154812,0.6219665576550603,0.395183360700602,0.36067491349749414,0
14,CollectiveStrategy,2.8309623430962345,0.22577405857740585,202.0,1.0,0.18058577405857743,0.045188284518828455,0.3789121338912134,0.3953138075313808,0.4763392857142857,0,0,0.5707482993197278
15,TF2,2.815062761506276,0.44468619246861923,170.0,1.0,0.29372384937238494,0.1509623430962343,0.34410041841004185,0.21121338912133894,0.4718501984126984,0,0.8267370129870131,0.34880952380952385
16,AntiCycler,2.814225941422594,0.4,164.0,1.0,0.23866108786610882,0.16133891213389123,0.3745606694560669,0.22543933054393306,0,0,0.5342457192850895,0.937115322319404
17,"ZD-Extort-4: 0.23529411764705882, 0.25, 1",2.810878661087866,0.559163179916318,135.0,1.0,0.4533891213389121,0.10577405857740586,0.25489539748953977,0.18594142259414226,0.6341639055873797,0,0.5204831116595823,0
18,ThueMorseInverse,2.809205020920502,0.4,164.0,1.0,0.2396652719665272,0.16033472803347282,0.37389121338912135,0.22610878661087866,0,0,0.5235470085470085,0.934379021879022
19,Prober 4,2.8083682008368203,0.6,138.0,1.0,0.4224267782426779,0.1775732217573222,0.28719665271966527,0.11280334728033473,0.44209359540241894,0.5770378557612599,1.0,1.0
20,Meta Winner Long Memory: 136 players,2.79163179916318,0.8177405857740586,147.0,1.0,0.6801673640167364,0.13757322175732217,0.14192468619246862,0.04033472803347281,0.7940393542922151,0.879799737240594,0.75,0.7476190476190475
21,Meta Winner Stochastic: 68 players,2.790794979079498,0.596652719665272,127.0,1.0,0.44569037656903765,0.1509623430962343,0.2619246861924686,0.1414225941422594,0.5964212056059881,0.7275173824354152,0.34245007680491557,0.7505204738900392
22,UsuallyDefects,2.7698744769874475,0.11464435146443515,171.0,0.0,0.021422594142259416,0.09322175732217573,0.45523012552301256,0.4301255230125523,0,0,0,0.7049966395856807
23,SelfSteem,2.7631799163179918,0.3462761506276151,187.0,0.4903765690376569,0.24384937238493723,0.10242677824267783,0.34410041841004185,0.30962343096234307,0.44834449404761906,0,0.5358784476840033,0
24,Sneaky Tit For Tat,2.7606694560669456,0.5748953974895398,94.0,1.0,0.4102092050209205,0.16468619246861924,0.276652719665272,0.1484518828451883,0.5931992945326278,0.6132569077013521,0.8331831831831832,0.9008921112304571
25,Meta Winner Memory One: 37 players,2.7589958158995813,0.5819246861924686,108.0,1.0,0.4269456066945607,0.15497907949790796,0.2689539748953975,0.1491213389121339,0.5809367623526915,0.796947862079441,0.30604138851802404,0.8876610305958131
26,Meta Winner Deterministic: 149 players,2.7573221757322175,0.8259414225941423,152.0,1.0,0.6692887029288703,0.156652719665272,0.14259414225941422,0.031464435146443516,0.771834929369148,0.961988619994238,0,0
27,Cycler DC,2.7548117154811713,0.4,157.0,0.0,0.16702928870292888,0.23297071129707111,0.4140585774058577,0.18594142259414226,0,0,1.0,1.0
28,Fortress3,2.7489539748953975,0.13757322175732217,166.0,0.0,0.016401673640167362,0.12117154811715482,0.46142259414225945,0.40100418410041844,1.0,0,0,0.45699481751311016
29,Cycler DDC,2.7472803347280337,0.2,173.0,0.0,0.06744769874476989,0.13255230125523013,0.43698744769874476,0.36301255230125523,0,0,0.38317728023610376,0.6648455893521683
30,Desperate,2.7447698744769875,0.3091213389121339,157.0,0.5087866108786611,0.13456066945606696,0.17456066945606694,0.4107112970711297,0.2801673640167364,0,0,0,1.0
31,Meta Winner Finite Memory: 81 players,2.741422594142259,0.7097907949790795,152.0,1.0,0.5523012552301255,0.15748953974895397,0.1994979079497908,0.09071129707112971,0.7133334913423923,0.93458953243436,0.26785714285714285,0.9261904761904761
32,"Gradual Killer: (D, D, D, D, D, C, C)",2.7405857740585775,0.0,221.0,0.0,0.0,0.0,0.4331380753138075,0.5668619246861926,0,0,0,0
33,MEM2,2.7405857740585775,0.8453556485355649,17.0,1.0,0.7559832635983263,0.0893723849372385,0.07899581589958159,0.07564853556485357,0.9988207547169812,0.3964285714285714,0.9104761904761904,0
34,Defector,2.7372384937238494,0.0,221.0,0.0,0.0,0.0,0.4328033472803347,0.5671966527196652,0,0,0,0
35,Random Tit for Tat: 0.5,2.735564853556485,0.7285355648535565,91.0,1.0,0.5750627615062761,0.15347280334728033,0.18426778242677824,0.08719665271966527,0.7510135442713927,0.5457886457886458,0.9230730730730731,0.3963113275613276
36,"ZD-SET-2: 0.25, 0.0, 2",2.7330543933054394,0.6682845188284519,100.0,1.0,0.542092050209205,0.12619246861924685,0.19364016736401674,0.13807531380753138,0.7452719903636081,0.3974726977567887,0.5761544011544011,0.47081106393606387
37,Better and Better,2.7322175732217575,0.002510460251046025,220.0,0.002510460251046025,0.0008368200836820083,0.0016736401673640166,0.43347280334728033,0.5640167364016736,0,0,0.08555555555555557,0.07251082251082251
38,Retaliate 2: 0.08,2.728033472803347,0.7944769874476988,33.0,1.0,0.7181589958158995,0.07631799163179917,0.09071129707112971,0.11481171548117156,1.0,0,0,0
39,Tricky Level Punisher,2.7246861924686194,0.7998326359832636,31.0,1.0,0.7271966527196653,0.07263598326359832,0.08535564853556486,0.11481171548117156,1.0,0,0,0
40,Evolved FSM 16,2.723849372384937,0.8480334728033473,19.0,1.0,0.749958158995816,0.09807531380753139,0.0803347280334728,0.07163179916317992,0.983884071286957,0.39367099567099567,0.9746376811594202,0.3794642857142857
41,Forgetful Grudger,2.723849372384937,0.7989958158995816,31.0,1.0,0.7246861924686192,0.07430962343096235,0.08585774058577406,0.11514644351464436,1.0,0,0,0
42,"Limited Retaliate: 0.1, 20",2.723849372384937,0.7961506276150627,32.0,1.0,0.7215062761506276,0.07464435146443514,0.08769874476987448,0.11615062761506277,1.0,0,0,0
43,"General Soft Grudger: n=1,d=4,c=2",2.723012552301255,0.7944769874476988,32.0,1.0,0.719163179916318,0.07531380753138076,0.0893723849372385,0.11615062761506277,1.0,0,0,0
44,Tricky Cooperator,2.7221757322175733,0.7218410041841005,161.0,1.0,0.5531380753138074,0.1687029288702929,0.19682008368200837,0.08133891213389122,0.7482279173068648,1.0,0,1.0
45,"ZD-Extort3: 0.11538461538461539, 0.3333333333333333, 1",2.7205020920502094,0.6990794979079498,91.0,1.0,0.5894560669456067,0.10962343096234309,0.1610041841004184,0.1399163179916318,0.8305777098839923,0.5971696670676262,0.4854810371985944,0
46,"ZD-Extort-2 v2: 0.125, 0.5, 1",2.719665271966527,0.7502928870292888,73.0,1.0,0.64,0.1102928870292887,0.13707112970711297,0.11263598326359833,0.8597922310069922,0.5365520282186949,0.601417596488019,0
47,"ZD-Mischief: 0.1, 0.0, 1",2.719665271966527,0.6614225941422595,105.0,1.0,0.5584937238493723,0.10292887029288704,0.17589958158995816,0.16267782426778243,0.7908458342929708,0.6478038273096413,0.40917737465356513,0
48,"Limited Retaliate 3: 0.05, 20",2.718828451882845,0.7979916317991632,31.0,1.0,0.7236820083682008,0.07430962343096235,0.08786610878661087,0.11414225941422594,1.0,0,0,0
49,Retaliate: 0.1,2.7179916317991633,0.7929707112970711,33.0,1.0,0.7179916317991631,0.07497907949790796,0.0895397489539749,0.11748953974895399,1.0,0,0,0
50,Grudger,2.7163179916317994,0.7961506276150627,32.0,1.0,0.7215062761506276,0.07464435146443514,0.08820083682008369,0.11564853556485356,1.0,0,0,0
51,Forgiver,2.715481171548117,0.800836820083682,30.0,1.0,0.7275313807531381,0.07330543933054393,0.08251046025104604,0.11665271966527196,1.0,0,0,0
52,Punisher,2.715481171548117,0.7916317991631799,32.0,1.0,0.714979079497908,0.07665271966527197,0.09071129707112971,0.11765690376569038,1.0,0,0,0
53,Soft Grudger,2.714644351464435,0.7931380753138075,31.0,1.0,0.7181589958158996,0.07497907949790794,0.08753138075313807,0.11933054393305438,1.0,0,0,0
54,First by Joss: 0.9,2.7138075313807533,0.781255230125523,48.0,1.0,0.6550627615062762,0.12619246861924685,0.1315481171548117,0.08719665271966527,0.8873690938722322,0,0.9322481373501782,0
55,Evolved FSM 6,2.7121338912133894,0.8500418410041841,21.0,1.0,0.7489539748953975,0.10108786610878662,0.0788284518828452,0.07112970711297072,0.9871990489948237,0.4124223602484472,0.9630718954248365,0
56,Spiteful Tit For Tat,2.7121338912133894,0.847531380753138,13.0,1.0,0.7451046025104603,0.10242677824267783,0.08,0.07246861924686193,1.0,0,0.9562500000000002,0
57,Retaliate 3: 0.05,2.711297071129707,0.7916317991631799,32.0,1.0,0.7161506276150628,0.07548117154811715,0.08669456066945606,0.12167364016736402,1.0,0,0,0
58,Hard Tit For Tat,2.7096234309623433,0.7961506276150627,32.0,1.0,0.7211715481171548,0.07497907949790794,0.08569037656903765,0.11815899581589957,1.0,0,0.2861538461538461,0
59,Remorseful Prober: 0.1,2.708786610878661,0.7928033472803347,39.0,1.0,0.6651046025104603,0.12769874476987447,0.12569037656903764,0.08150627615062761,0.9006644335665586,0,0.9220096371882087,0.75679012345679
60,"Limited Retaliate 2: 0.08, 15",2.7079497907949794,0.7953138075313807,30.0,1.0,0.7203347280334728,0.07497907949790796,0.08552301255230126,0.11916317991631799,1.0,0,0,0
61,Two Tits For Tat,2.707112970711297,0.8190794979079498,25.0,1.0,0.7365690376569037,0.08251046025104604,0.0793305439330544,0.10158995815899582,1.0,0,0.4592592592592592,0
62,CAPRI,2.7062761506276147,0.8381589958158996,14.0,1.0,0.744602510460251,0.09355648535564853,0.07815899581589958,0.08368200836820083,1.0,0,0.8489361702127659,0
63,Cooperator Hunter,2.704602510460251,0.864602510460251,154.0,1.0,0.6840167364016736,0.1805857740585774,0.12753138075313805,0.007866108786610879,0.8199736925335752,1.0,0,0
64,Second by RichardHufford,2.704602510460251,0.8490376569037656,13.0,1.0,0.7481171548117155,0.10092050209205021,0.07665271966527197,0.07430962343096235,1.0,0,0.9715909090909091,0
65,Naive Prober: 0.1,2.7020920502092047,0.787112970711297,42.0,1.0,0.662928870292887,0.12418410041841003,0.12569037656903764,0.08719665271966527,0.8983565928442726,0,0.9270760233918128,0
66,Meta Hunter Aggressive: 7 players,2.7020920502092047,0.8547280334728034,149.0,1.0,0.6840167364016736,0.1707112970711297,0.12585774058577406,0.019414225941422593,0.8217589456311992,0.9608970024791526,0,0
67,Meta Winner: 217 players,2.7020920502092047,0.852050209205021,133.0,1.0,0.6882008368200836,0.16384937238493724,0.12100418410041841,0.02694560669456067,0.809901842777739,0.959769052505686,0,0.5277777777777778
68,EvolvedLookerUp1_1_1,2.700418410041841,0.8413389121338912,19.0,1.0,0.7425941422594142,0.09874476987447699,0.07866108786610879,0.08,0.9927986277467247,0,0.9402777777777778,0
69,Inverse Punisher,2.696234309623431,0.8286192468619247,21.0,1.0,0.7456066945606694,0.08301255230125523,0.07196652719665271,0.0994142259414226,1.0,0,0.6717391304347826,0
70,Calculator,2.695397489539749,0.7815899581589958,44.0,1.0,0.6572384937238495,0.12435146443514644,0.1271966527196653,0.09121338912133892,0.8949124396927746,0,0.9294615452074015,0
71,Burn Both Ends,2.692887029288703,0.7864435146443515,44.0,1.0,0.6639330543933055,0.12251046025104603,0.12502092050209204,0.08853556485355649,0.8978362500681091,0,0.9253166378814047,0
72,Evolved FSM 16 Noise 05,2.691213389121339,0.8445188284518829,22.0,1.0,0.7375732217573222,0.10694560669456069,0.0794979079497908,0.07598326359832636,0.99405881474847,0.7555555555555555,0.8197222222222221,0
73,First by Downing,2.6912133891213386,0.30694560669456067,126.0,0.0,0.1399163179916318,0.16702928870292885,0.3931380753138075,0.29991631799163176,0.8796875,0.696996996996997,0.3976746409519518,0.9009677271582033
74,Inverse,2.690376569037657,0.834979079497908,18.0,1.0,0.742928870292887,0.09205020920502092,0.07414225941422593,0.0908786610878661,0.9737847135107408,0,0.5678153717627401,0
75,Raider,2.687866108786611,0.29121338912133893,119.0,0.0,0.0989121338912134,0.19230125523012553,0.417907949790795,0.2908786610878661,0.9546568627450979,0.7110960798460798,0,0.7908436213991769
76,"ZD-Extort-2: 0.1111111111111111, 0.5",2.684518828451883,0.7738912133891214,64.0,1.0,0.6522175732217573,0.12167364016736402,0.12518828451882846,0.10092050209205021,0.888972161343836,0.6438514659943232,0.5594366281866282,0
77,Meta Majority Finite Memory: 81 players,2.6820083682008367,0.8647698744769875,4.0,1.0,0.7589958158995816,0.10577405857740586,0.06728033472803348,0.06794979079497909,1.0,0.293939393939394,0.9305618543713782,0
78,Stochastic Cooperator,2.678661087866109,0.7944769874476988,44.0,1.0,0.6773221757322175,0.11715481171548117,0.1092887029288703,0.09623430962343096,0.9245717551621013,0.36888178156834867,0.4780292314945781,0.6126094906314689
79,Second by Tideman and Chieruzzi,2.676150627615063,0.8619246861924686,0.0,1.0,0.7631799163179916,0.09874476987447699,0.062259414225941424,0.07581589958158996,1.0,0,0.9112903225806451,0
80,SpitefulCC,2.6753138075313805,0.830794979079498,23.0,1.0,0.7420920502092051,0.08870292887029288,0.07129707112970711,0.09790794979079499,0.9934186048156636,0.7046928916494134,0,0
81,Thumper,2.6753138075313805,0.8282845188284519,17.0,1.0,0.7369037656903766,0.09138075313807531,0.07297071129707114,0.09874476987447699,1.0,0,0.76,0
82,Second by Weiner,2.6736401673640167,0.8848535564853557,0.0,1.0,0.7794142259414226,0.10543933054393306,0.05389121338912134,0.061255230125523016,1.0,0.3951007326007325,1.0,0
83,Prober,2.6728033472803348,0.5424267782426778,89.0,0.0,0.32418410041841006,0.2182426778242678,0.31196652719665274,0.14560669456066946,0.7823875318693971,0.69726952591191,0.8527307605506658,0.7656966490299822
84,Evolved ANN,2.671966527196653,0.8805020920502092,13.0,1.0,0.7777405857740586,0.10276150627615063,0.05472803347280335,0.06476987447698745,0.9885931166310423,0.6872847011144884,0.9455284552845529,0
85,TF1,2.671966527196653,0.6619246861924686,87.0,1.0,0.45589958158995814,0.20602510460251047,0.24217573221757324,0.09589958158995816,0.46010145899851773,0.8740345528455284,0.9702651042965179,0.8984126984126984
86,"First by Feld: 1.0, 0.5, 200",2.670292887029289,0.8649372384937238,3.0,1.0,0.7561506276150628,0.1087866108786611,0.06543933054393306,0.0696234309623431,0.9938462976314454,0,0.9987012987012988,0
87,Adaptive Pavlov 2011,2.6694560669456067,0.8719665271966527,0.0,1.0,0.763347280334728,0.10861924686192469,0.06326359832635983,0.06476987447698745,1.0,0,1.0,0
88,Adaptive Pavlov 2006,2.6686192468619243,0.868786610878661,0.0,1.0,0.7586610878661088,0.11012552301255231,0.06343096234309624,0.06778242677824267,1.0,0,1.0,0
89,"Memory Decay: 0.1, 0.03, -2, 1, Tit For Tat, 15",2.6686192468619243,0.8699581589958159,0.0,1.0,0.7626778242677824,0.10728033472803347,0.061924686192468624,0.06811715481171549,1.0,0,1.0,0
90,Meta Mixer: 217 players,2.6686192468619243,0.714979079497908,85.0,0.8209205020920503,0.5544769874476988,0.1605020920502092,0.18209205020920505,0.10292887029288704,0.7667213013771256,0.5334778911564626,0.7878667091836734,0.6088961096773596
91,NMWE Finite Memory: 81 players,2.6686192468619243,0.859581589958159,15.0,1.0,0.7536401673640167,0.10594142259414226,0.06326359832635983,0.07715481171548118,0.9462461700978447,0.4256646825396825,0.5070690291620523,0.41502057613168725
92,Tit For Tat,2.667782426778243,0.8682845188284519,0.0,1.0,0.7586610878661088,0.10962343096234309,0.06510460251046025,0.06661087866108786,1.0,0,1.0,0
93,NMWE Memory One: 37 players,2.667782426778243,0.8487029288702929,18.0,1.0,0.7424267782426778,0.10627615062761507,0.07062761506276151,0.08066945606694562,0.9478922862491301,0.48132674453429175,0.7469942586963862,0.4444444444444444
94,Forgiving Tit For Tat,2.6669456066945605,0.8707949790794979,0.0,1.0,0.7618410041841005,0.10895397489539749,0.06292887029288703,0.06627615062761506,1.0,0,1.0,0
95,Tricky Defector,2.6669456066945605,0.07564853556485356,134.0,0.0,0.0021757322175732217,0.07347280334728035,0.43196652719665274,0.4923849372384937,0,0,0,0.2983670381414743
96,DoubleResurrection,2.6652719665271967,0.8709623430962343,0.0,1.0,0.7640167364016737,0.10694560669456069,0.06158995815899582,0.06744769874476989,1.0,0,1.0,0
97,Meta Minority: 217 players,2.6652719665271967,0.363347280334728,130.0,0.0,0.11230125523012552,0.2510460251046025,0.4232635983263598,0.21338912133891214,0,1.0,0,1.0
98,AON2,2.6644351464435143,0.8485355648535565,25.0,1.0,0.7454393305439331,0.10309623430962343,0.0704602510460251,0.0810041841004184,0.9879213424116337,0.6722826086956522,0,0.5709876543209876
99,Adaptive Tit For Tat: 0.5,2.6644351464435143,0.8707949790794979,0.0,1.0,0.7625104602510461,0.10828451882845189,0.062259414225941424,0.06694560669456066,1.0,0,1.0,0
100,Second by GraaskampKatzen,2.663598326359833,0.8723012552301255,0.0,1.0,0.7631799163179916,0.1091213389121339,0.06209205020920502,0.06560669456066945,1.0,0,1.0,0
101,Meta Majority Memory One: 37 players,2.661924686192469,0.8706276150627615,1.0,1.0,0.7646861924686192,0.10594142259414226,0.06008368200836821,0.0692887029288703,0.9990533134030892,0.17878787878787877,0.9506860371267152,0.23285714285714282
102,Winner12,2.6610878661087867,0.8754811715481171,12.0,1.0,0.7740585774058577,0.10142259414225942,0.05288702928870293,0.07163179916317992,1.0,0.5946097883597884,0,0.6783333333333335
103,Meta Majority: 217 players,2.6602510460251043,0.8709623430962343,0.0,1.0,0.7636820083682009,0.10728033472803347,0.06092050209205021,0.06811715481171549,1.0,0,1.0,0
104,NMWE Deterministic: 149 players,2.6602510460251043,0.8545606694560669,17.0,1.0,0.7504602510460252,0.10410041841004183,0.06661087866108786,0.0788284518828452,0.949684468117648,0.4299605457833306,0.42167658730158725,0.3224807244038014
105,Worse and Worse 2,2.659414225941423,0.8699581589958159,0.0,1.0,0.7584937238493724,0.11146443514644351,0.06493723849372386,0.06510460251046025,1.0,0,1.0,0
106,First by Graaskamp: 0.05,2.6585774058577405,0.869121338912134,0.0,1.0,0.7593305439330543,0.10979079497907951,0.06276150627615062,0.06811715481171549,1.0,0,1.0,0
107,"Omega TFT: 3, 8",2.6585774058577405,0.8692887029288703,0.0,1.0,0.7586610878661088,0.11062761506276152,0.06343096234309624,0.06728033472803348,1.0,0,1.0,0
108,Second by Borufsen,2.6577405857740586,0.8736401673640167,0.0,1.0,0.7594979079497909,0.11414225941422594,0.06292887029288703,0.06343096234309624,1.0,0,1.0,0.2973544973544973
109,"Bush Mosteller: 0.5, 0.5, 3.0, 0.5",2.6569037656903767,0.4413389121338912,133.0,0.47782426778242676,0.2699581589958159,0.17138075313807533,0.3238493723849373,0.23481171548117158,0.5440567626817627,0.4564225918677973,0.40734126249180613,0.5311624102847508
110,Contrite Tit For Tat,2.6569037656903767,0.8686192468619247,0.0,1.0,0.7603347280334728,0.10828451882845187,0.062426778242677824,0.0689539748953975,1.0,0,1.0,0
111,Resurrection,2.6569037656903767,0.8686192468619247,0.0,1.0,0.7569874476987447,0.11163179916317992,0.06359832635983265,0.06778242677824267,1.0,0,1.0,0
112,Second by Tranquilizer,2.6569037656903767,0.88,1.0,1.0,0.7646861924686192,0.11531380753138076,0.061087866108786616,0.058912133891213386,0.9986301369863013,0.7696078431372549,1.0,0
113,Second by Harrington,2.6560669456066943,0.8689539748953975,0.0,1.0,0.7610041841004184,0.10794979079497909,0.06158995815899582,0.0694560669456067,1.0,0,1.0,0
114,Soft Joss: 0.9,2.6560669456066943,0.8813389121338913,0.0,1.0,0.7692050209205021,0.11213389121338913,0.05707112970711297,0.06158995815899582,1.0,0.2285961657390229,1.0,0.20724206349206348
115,Meta Majority Long Memory: 136 players,2.6560669456066943,0.8686192468619247,0.0,1.0,0.7594979079497909,0.1091213389121339,0.062259414225941424,0.06912133891213389,1.0,0,1.0,0
116,Win-Shift Lose-Stay: D,2.655230125523013,0.48435146443514643,104.0,0.0,0.2217573221757322,0.26259414225941424,0.36435146443514643,0.15129707112970714,0,1.0,1.0,0
117,NMWE Long Memory: 136 players,2.6543933054393305,0.8500418410041841,17.0,1.0,0.7451046025104602,0.10493723849372384,0.06644351464435146,0.08351464435146443,0.9500774182575515,0.43241230648638057,0.34083522297808005,0.33493800438244886
118,AdaptorBrief,2.6535564853556486,0.8610878661087866,3.0,0.9899581589958159,0.747949790794979,0.11313807531380753,0.0701255230125523,0.06878661087866109,0.990525190320029,0.6288461538461537,0.9860544217687074,0.44761904761904764
119,Fortress4,2.6527196652719667,0.0908786610878661,132.0,0.0,0.00301255230125523,0.08786610878661087,0.4338075313807532,0.47531380753138075,1.0,0,0,0.3038967752677431
120,Doubler,2.6493723849372386,0.8793305439330544,0.0,1.0,0.7640167364016737,0.11531380753138076,0.059246861924686194,0.06142259414225941,1.0,0.7775,1.0,0
121,Random: 0.5,2.6476987447698743,0.49422594142259413,128.0,0.4887029288702929,0.300418410041841,0.19380753138075313,0.31196652719665274,0.19380753138075313,0.49961565566216737,0.5995142970003305,0.4972335586685363,0.5981129981129981
122,Nice Average Copier,2.6460251046025105,0.8702928870292888,9.0,1.0,0.7586610878661088,0.11163179916317992,0.059246861924686194,0.0704602510460251,0.9745095677779521,0.45755228017132776,0.6058745720510426,0.4927287581699346
123,Worse and Worse 3,2.6435146443514643,0.8667782426778242,12.0,1.0,0.7548117154811715,0.11196652719665273,0.06276150627615062,0.0704602510460251,0.9749109917859919,0.5106427685375053,0.6139122315592904,0.486247947454844
124,Nice Meta Winner Ensemble: 217 players,2.6426778242677824,0.8543933054393306,16.0,1.0,0.7476150627615064,0.10677824267782426,0.06460251046025105,0.0810041841004184,0.9483347710441093,0.4420487948265727,0.41222222222222227,0.37484871759065314
125,Bully,2.6418410041841005,0.36569037656903763,128.0,0.0,0.11213389121338913,0.25355648535564856,0.418744769874477,0.21556485355648536,0,1.0,0,1.0
126,"ZD-GTFT-2: 0.25, 0.5",2.6401673640167362,0.8863598326359833,0.0,1.0,0.7713807531380754,0.11497907949790795,0.052217573221757324,0.06142259414225941,1.0,0.21061270600744283,1.0,0.3488386613386613
127,NMWE Stochastic: 68 players,2.6401673640167362,0.8575732217573222,15.0,1.0,0.7507949790794979,0.10677824267782426,0.062259414225941424,0.08016736401673641,0.9436869388494775,0.4603782182729551,0.5151077097505669,0.379987012987013
128,$\phi$,2.636820083682008,0.4982426778242678,115.0,1.0,0.26560669456066943,0.2326359832635983,0.33539748953974896,0.16635983263598328,0,1.0,0,1.0
129,Anti Tit For Tat,2.6351464435146443,0.4985774058577406,112.0,1.0,0.26610878661087867,0.23246861924686194,0.334560669456067,0.1668619246861925,0,1.0,0,1.0
130,Cycler CCCD,2.6351464435146443,0.8,73.0,1.0,0.5956485355648535,0.20435146443514643,0.16066945606694558,0.03933054393305439,0.6913907592158715,0.7282913165266107,1.0,1.0
131,Evolved HMM 5,2.63347280334728,0.8825104602510461,8.0,1.0,0.7732217573221758,0.1092887029288703,0.048535564853556486,0.0689539748953975,1.0,0.5256142639704283,0,0.19166666666666668
132,Dynamic Two Tits For Tat,2.6309623430962343,0.8768200836820084,8.0,1.0,0.7605020920502091,0.11631799163179916,0.05656903765690376,0.06661087866108786,0.9853718821405448,0.524820163252999,0.6089947089947089,0.500297619047619
133,Negation,2.6309623430962343,0.4363179916317992,118.0,0.5280334728033472,0.19564853556485354,0.24066945606694562,0.36887029288702927,0.19481171548117157,0,1.0,0,1.0
134,AdaptorLong,2.6301255230125524,0.8219246861924686,29.0,0.9916317991631799,0.7231799163179916,0.09874476987447699,0.06828451882845188,0.10979079497907951,0.9886900999664266,0.14383116883116884,0.23194444444444445,0.7853535353535354
135,PSO Gambler 1_1_1,2.6301255230125524,0.861255230125523,19.0,1.0,0.7544769874476988,0.10677824267782426,0.0602510460251046,0.0784937238493724,1.0,0.4467018398268398,0,0.25487528344671206
136,EvolvedLookerUp2_2_2,2.6284518828451886,0.8933891213389121,1.0,1.0,0.7794142259414226,0.11397489539748955,0.04602510460251046,0.06058577405857741,0.9546835961576043,0.6721113445378151,0.9545454545454546,0.8802083333333333
137,ZD-Mem2,2.6276150627615062,0.8656066945606694,23.0,1.0,0.7425941422594142,0.12301255230125524,0.06828451882845188,0.06610878661087867,0.9335717367318137,0.5601688881294145,0.9248031496062992,0.38335222978080125
138,Second by Grofman,2.62510460251046,0.9024267782426778,0.0,1.0,0.792468619246862,0.1099581589958159,0.03748953974895398,0.0600836820083682,1.0,0.5970982142857143,1.0,0
139,TF3,2.62510460251046,0.8776569037656904,12.0,1.0,0.7573221757322176,0.12033472803347281,0.05690376569037658,0.06543933054393306,0.9673208335621831,0.7391955266955267,0.9196428571428571,0.4375
140,Stochastic WSLS: 0.05,2.6242677824267786,0.8172384937238494,33.0,1.0,0.6927196652719665,0.12451882845188285,0.0900418410041841,0.09271966527196653,0.9476403774836702,0.19798450341928603,0.40474386724386724,0.9551354668177098
141,Cycler CCCDCD,2.624267782426778,0.8,73.0,1.0,0.5946443514644352,0.20535564853556484,0.1601673640167364,0.039832635983263594,0.6871540121540124,0.7568367346938776,1.0,1.0
142,Soft Go By Majority: 20,2.6234309623430963,0.8992468619246862,6.0,1.0,0.770041841004184,0.1292050209205021,0.051715481171548124,0.04903765690376569,1.0,0.7884332745443857,0.8729729729729729,0
143,First by Nydegger,2.622594142259414,0.8659414225941423,17.0,1.0,0.7486192468619246,0.11732217573221757,0.0594142259414226,0.07464435146443514,0.9935883947074766,0.7692028985507247,0.6968253968253969,0.7800347222222221
144,Ripoff,2.62092050209205,0.5506276150627615,64.0,0.0,0.32485355648535563,0.22577405857740587,0.30092050209205023,0.1484518828451883,0.8536811201445349,0.7574356869184455,1.0,0.747196524936251
145,Evolved ANN 5,2.6200836820083686,0.8712970711297071,12.0,1.0,0.7491213389121338,0.12217573221757322,0.061924686192468624,0.06677824267782427,1.0,0.74597414234511,0,0.9682539682539681
146,Second by Kluepfel,2.6192468619246863,0.8861924686192468,4.0,1.0,0.7732217573221758,0.11297071129707113,0.04753138075313807,0.06627615062761506,0.9765086807420903,0.4021723646723647,0.746265172735761,0.41260683760683764
147,Evolved FSM 4,2.61673640167364,0.8635983263598327,12.0,1.0,0.7471129707112971,0.11648535564853556,0.059246861924686194,0.07715481171548118,0.9757878151260504,0.3723502304147466,0,0.9436813186813187
148,Soft Go By Majority: 10,2.61673640167364,0.8992468619246862,5.0,1.0,0.7692050209205021,0.13004184100418412,0.05238493723849373,0.048368200836820086,1.0,0.8129523809523811,0.8943089430894309,0
149,Soft Go By Majority: 5,2.615899581589958,0.896234309623431,4.0,1.0,0.7651882845188285,0.1310460251046025,0.05389121338912134,0.0498744769874477,1.0,0.7621069182389937,0.8739837398373983,0
150,Soft Go By Majority,2.6150627615062763,0.8942259414225942,6.0,1.0,0.7645188284518828,0.1297071129707113,0.05271966527196653,0.05305439330543933,1.0,0.7681940700808626,0.8568376068376068,0
151,Second by Eatherley,2.6150627615062763,0.8994142259414226,0.0,1.0,0.7732217573221758,0.12619246861924685,0.04903765690376569,0.051548117154811716,1.0,0.4692622495901185,1.0,0.5859375
152,Aggravater,2.6133891213389124,0.08150627615062761,221.0,0.0,0.0686192468619247,0.012887029288702929,0.37255230125523014,0.5459414225941422,1.0,0,0.28607499402953945,0
153,Soft Go By Majority: 40,2.61255230125523,0.8980753138075314,6.0,1.0,0.7676987447698744,0.1303765690376569,0.05271966527196653,0.04920502092050209,1.0,0.8079991645781118,0.8783783783783784,0
154,PSO Gambler 2_2_2 Noise 05,2.611715481171548,0.8925523012552301,0.0,1.0,0.7717154811715481,0.12083682008368202,0.04753138075313808,0.0599163179916318,0.9576138454659582,0.6796238785369221,0.9592592592592594,0.6191520467836258
155,Suspicious Tit For Tat,2.60836820083682,0.4704602510460251,137.0,0.0,0.26979079497907954,0.2006694560669456,0.31481171548117154,0.21472803347280334,1.0,0,1.0,0
156,GrudgerAlternator,2.605020920502092,0.8871966527196653,4.0,1.0,0.7626778242677824,0.12451882845188285,0.05087866108786611,0.061924686192468624,0.9670869755644841,0,1.0,1.0
157,Evolved ANN 5 Noise 05,2.60418410041841,0.9226778242677824,0.0,1.0,0.7929707112970712,0.1297071129707113,0.03748953974895398,0.039832635983263594,1.0,0.6817796610169492,1.0,0.4348484848484848
158,Firm But Fair,2.603347280334728,0.8917154811715481,0.0,1.0,0.7651882845188285,0.12652719665271966,0.049372384937238493,0.058912133891213386,1.0,0,1.0,0.7213571889103803
159,First by Shubik,2.600836820083682,0.8856903765690377,0.0,1.0,0.770041841004184,0.11564853556485356,0.045355648535564855,0.0689539748953975,1.0,0,0.8682170542635658,0.8922222222222221
160,PSO Gambler Mem1,2.600836820083682,0.8825104602510461,15.0,1.0,0.7606694560669457,0.12184100418410042,0.0502092050209205,0.06728033472803348,1.0,0.5351933876030263,0,0.3601216244073387
161,Second by Getzler,2.600836820083682,0.8989121338912134,4.0,1.0,0.7767364016736402,0.12217573221757322,0.04334728033472803,0.05774058577405858,0.971940692737636,0.4631914381914382,0.8013477088948788,0.4057231299166783
162,First by Anonymous,2.6,0.5051046025104603,122.0,0.497071129707113,0.301255230125523,0.20384937238493722,0.30242677824267783,0.19246861924686193,0.5074619191057547,0.5436229816118084,0.5539081825912183,0.5587252033680605
163,Original Gradual,2.6,0.9194979079497908,0.0,1.0,0.7939748953974896,0.12552301255230125,0.03481171548117155,0.045690376569037655,1.0,0.41125541125541126,1.0,1.0
164,Gradual,2.598326359832636,0.9198326359832636,0.0,1.0,0.794142259414226,0.12569037656903764,0.03414225941422594,0.04602510460251046,1.0,0.381031746031746,1.0,1.0
165,PSO Gambler 2_2_2,2.596652719665272,0.9077824267782427,2.0,1.0,0.7827615062761506,0.12502092050209204,0.03832635983263598,0.05389121338912133,0.9558293486497385,0.78757215007215,0.9133333333333333,0.6055555555555555
166,SolutionB5,2.596652719665272,0.4584100418410042,141.0,0.0,0.2607531380753138,0.1976569037656904,0.316652719665272,0.22493723849372385,1.0,0,0.9968036529680366,0
167,GTFT: 0.33,2.593305439330544,0.9111297071129707,0.0,1.0,0.7819246861924686,0.1292050209205021,0.038828451882845186,0.0500418410041841,1.0,0.39470361509835195,1.0,0.4720954720954721
168,Appeaser,2.5916317991631797,0.8694560669456067,8.0,1.0,0.7504602510460251,0.11899581589958158,0.052552301255230124,0.07799163179916317,1.0,0,0,1.0
169,Revised Downing,2.5916317991631797,0.9176569037656904,6.0,1.0,0.7936401673640168,0.12401673640167364,0.031297071129707116,0.05104602510460251,0.994486409864938,0.7526531134126071,1.0,0
170,Win-Stay Lose-Shift,2.588284518828452,0.8697907949790795,8.0,1.0,0.7506276150627615,0.11916317991631799,0.051715481171548124,0.0784937238493724,1.0,0,0,1.0
171,Second by Leyvraz,2.5874476987447697,0.8887029288702929,4.0,1.0,0.7636820083682009,0.12502092050209204,0.04652719665271967,0.06476987447698745,0.9575139598165915,0.4558448979960608,0.7561507936507935,0.6322172158906854
172,$e$,2.5849372384937235,0.5477824267782426,107.0,1.0,0.29623430962343095,0.25154811715481173,0.31313807531380755,0.1390794979079498,0.39669973544973547,1.0,0.7981137909709337,1.0
173,Fool Me Once,2.5832635983263597,0.9138075313807531,1.0,1.0,0.7892887029288702,0.12451882845188283,0.03297071129707113,0.05322175732217573,1.0,0.7066893424036281,0,0
174,Delayed AON1,2.582426778242678,0.8810041841004184,17.0,1.0,0.7573221757322176,0.12368200836820084,0.04920502092050209,0.0697907949790795,0.9820254307096412,0.6303819444444444,0,1.0
175,Alternator,2.581589958158996,0.6,83.0,1.0,0.33439330543933055,0.2656066945606695,0.2952301255230126,0.10476987447698746,0,0,1.0,1.0
176,First by Grofman,2.581589958158996,0.9035983263598326,6.0,1.0,0.7727196652719666,0.1308786610878661,0.04234309623430963,0.05405857740585774,1.0,0.3271279043018174,0.42785691011497456,1.0
177,Detective,2.5782426778242673,0.6746443514644351,66.0,1.0,0.4398326359832636,0.23481171548117158,0.23447698744769874,0.09087866108786612,0.5079233125151493,0.7005,1.0,1.0
178,"ZD-GEN-2: 0.125, 0.5, 3",2.5740585774058578,0.9131380753138075,4.0,1.0,0.779581589958159,0.13355648535564854,0.03715481171548118,0.0497071129707113,1.0,0.6112832603904033,0.6903985507246376,0.2795843045843046
179,Second by Cave,2.573221757322176,0.9285355648535565,0.0,1.0,0.7923012552301255,0.13623430962343094,0.030125523012552297,0.04133891213389121,1.0,0.5295475608728621,1.0,0.504265873015873
180,Hopeless,2.5707112970711297,0.6249372384937238,101.0,0.49623430962343096,0.3189958158995816,0.30594142259414225,0.3077824267782427,0.06728033472803348,0,1.0,1.0,1.0
181,VeryBad,2.569037656903766,0.9394142259414225,0.0,1.0,0.8040167364016736,0.13539748953974895,0.02292887029288703,0.03765690376569038,0.9991778774289984,0.7682871069498975,1.0,0
182,ALLCorALLD,2.5682008368200835,0.6368200836820084,79.0,0.6368200836820084,0.517489539748954,0.1193305439330544,0.16284518828451883,0.20033472803347283,1.0,1.0,0,0
183,Hard Go By Majority,2.5673640167364016,0.4574058577405858,142.0,0.0,0.2644351464435147,0.19297071129707116,0.30694560669456067,0.23564853556485355,1.0,0.7428053830227744,0.9417512976754684,0
184,Once Bitten,2.5673640167364016,0.9288702928870293,1.0,1.0,0.7981589958158996,0.13071129707112972,0.02410041841004184,0.04702928870292887,1.0,0.785568399854114,0,0
185,Forgetful Fool Me Once: 0.05,2.5640167364016735,0.9280334728033472,0.0,1.0,0.7971548117154812,0.1308786610878661,0.025774058577405858,0.04619246861924686,1.0,0.7519376302709636,0.2583333333333333,0.1851851851851852
186,Hard Go By Majority: 40,2.5640167364016735,0.45790794979079497,140.0,0.0,0.262092050209205,0.19581589958158999,0.3082845188284519,0.23380753138075314,1.0,0.7288392857142858,0.9468366809599038,0
187,Hard Go By Majority: 10,2.5589958158995816,0.45389121338912136,140.0,0.0,0.2590794979079498,0.19481171548117157,0.3066108786610879,0.2394979079497908,1.0,0.657716049382716,0.9410667268487175,0
188,Second by Tester,2.5573221757322173,0.6045188284518829,65.0,0.0,0.37974895397489544,0.22476987447698743,0.254560669456067,0.1409205020920502,0.8033802875425912,0.7324849480021894,1.0,0.6808588365039976
189,Hard Go By Majority: 20,2.5564853556485354,0.4560669456066946,140.0,0.0,0.2605857740585774,0.19548117154811714,0.3089539748953975,0.23497907949790797,1.0,0.663548752834467,0.9439817949296622,0
190,Hard Tit For 2 Tats,2.5556485355648535,0.9313807531380753,0.0,1.0,0.7993305439330544,0.13205020920502092,0.02276150627615063,0.04585774058577406,1.0,0.7754225487371555,0.4583333333333333,0.7777777777777777
191,Hard Go By Majority: 5,2.5523012552301254,0.45389121338912136,142.0,0.0,0.2607531380753138,0.19313807531380756,0.30878661087866105,0.23732217573221756,1.0,0.7036019536019535,0.9435473557511472,0
192,"N Tit(s) For M Tat(s): 3, 2",2.5523012552301254,0.9285355648535565,1.0,1.0,0.7994979079497908,0.1290376569037657,0.02175732217573222,0.0497071129707113,1.0,0.7863141851905897,0,0
193,Slow Tit For Two Tats 2,2.5489539748953978,0.9315481171548117,0.0,1.0,0.7993305439330544,0.13221757322175734,0.021422594142259416,0.04702928870292887,1.0,0.7927917320774461,0.4444444444444444,0
194,Tit For 2 Tats,2.5481171548117154,0.9424267782426778,0.0,1.0,0.8060251046025104,0.13640167364016736,0.017405857740585774,0.040167364016736394,1.0,0.7769213810880478,1.0,0
195,Average Copier,2.5405857740585778,0.7014225941422594,56.0,0.49372384937238495,0.5392468619246862,0.16217573221757323,0.16100418410041842,0.13757322175732217,0.9507099640367465,0.5704154002026341,0.8671239945903624,0.5517744527048248
196,Winner21,2.5380753138075316,0.41573221757322176,156.0,0.0,0.25489539748953977,0.16083682008368202,0.2955648535564854,0.28870292887029286,1.0,0,0.7614462727443497,0.5691816637468811
197,$\pi$,2.5313807531380754,0.5693723849372385,91.0,1.0,0.3097907949790795,0.259581589958159,0.29305439330543936,0.13757322175732217,0.4856878893464258,1.0,0.7963980463980463,1.0
198,Second by Gladstein,2.5297071129707116,0.6061924686192469,60.0,0.0,0.37874476987447697,0.22744769874476986,0.25138075313807534,0.14242677824267783,0.8150548720285563,0.730164241622575,1.0,0.7049851190476191
199,EasyGo,2.522175732217573,0.47631799163179916,81.0,0.0,0.19330543933054395,0.2830125523012552,0.35297071129707114,0.17071129707112973,1.0,1.0,0,1.0
200,Second by Yamachi,2.5029288702928874,0.9554811715481172,0.0,1.0,0.7954811715481171,0.16,0.017740585774058577,0.02677824267782427,0.9561263518860459,0.8760740165631468,1.0,1.0
201,Cycler CCD,2.490376569037657,0.8,58.0,1.0,0.544602510460251,0.25539748953974895,0.16535564853556486,0.034644351464435154,0.610064392678029,0.9131962055038977,1.0,1.0
202,Hard Prober,2.487866108786611,0.47163179916317993,85.0,0.0,0.23648535564853557,0.23514644351464437,0.3138075313807531,0.21456066945606694,0.8479605020302695,0.7118764172335601,0.5085912698412698,0.9057592592592592
203,ThueMorse,2.487866108786611,0.6,82.0,0.0,0.2920502092050209,0.30794979079497903,0.3025941422594143,0.09740585774058579,0.5790682939842604,0.7466904761904762,1.0,1.0
204,Prober 2,2.4769874476987446,0.6746443514644351,69.0,0.0,0.4323012552301256,0.24234309623430964,0.21255230125523014,0.11280334728033473,1.0,0.750498642439432,1.0,0.7773556231003039
205,Arrogant QLearner,2.474476987447699,0.9464435146443515,23.0,0.9631799163179916,0.7502928870292886,0.19615062761506277,0.042008368200836824,0.011548117154811716,0.9434920544452345,0.9500009337632368,0.9787234042553191,0.9875
206,Nice Meta Winner: 217 players,2.4711297071129708,0.9730543933054393,0.0,1.0,0.8020083682008369,0.1710460251046025,0.009539748953974896,0.017405857740585774,0.9698869224314272,0.9660806851476222,1.0,0
207,UsuallyCooperates,2.4661087866108784,0.9693723849372385,0.0,1.0,0.7861087866108787,0.18326359832635986,0.0197489539748954,0.01087866108786611,0.9500128808533239,1.0,1.0,1.0
208,Pun1,2.465271966527197,0.5738912133891213,111.0,0.0,0.3104602510460251,0.26343096234309626,0.2789958158995816,0.1471129707112971,1.0,0.5724747474747475,1.0,1.0
209,Risky QLearner,2.4527196652719665,0.9531380753138076,17.0,0.9640167364016736,0.7526359832635983,0.20050209205020922,0.03615062761506276,0.010711297071129708,0.9459869071566473,0.9642712567483134,0.992,0.9736842105263158
210,Cautious QLearner,2.4510460251046022,0.9521338912133891,16.0,0.9573221757322176,0.7544769874476988,0.1976569037656904,0.03648535564853557,0.011380753138075315,0.950421946792084,0.9614673975279436,0.9780361757105943,0.9671052631578947
211,Hesitant QLearner,2.4502092050209208,0.9467782426778243,25.0,0.9489539748953975,0.7430962343096235,0.20368200836820083,0.04334728033472803,0.009874476987447698,0.9382460120017072,0.9598981931559063,0.9888059701492538,1.0
212,ShortMem,2.4502092050209208,1.0,0.0,1.0,0.8153974895397489,0.18460251046025103,0.0,0.0,1.0,1.0,0,0
213,"DBS: 0.75, 3, 4, 3, 5",2.4493723849372384,0.9896234309623431,0.0,1.0,0.8127196652719666,0.17690376569037658,0.0,0.010376569037656904,1.0,0.9632263161674927,0,0
214,Math Constant Hunter,2.4476987447698746,1.0,0.0,1.0,0.8143933054393306,0.18560669456066944,0.0,0.0,1.0,1.0,0,0
215,Second by Appold,2.4476987447698746,0.9907949790794979,0.0,1.0,0.8065271966527197,0.18426778242677824,0.00502092050209205,0.0041841004184100415,0.9785343111194504,1.0,0,0
216,Defector Hunter,2.4451882845188284,0.9902928870292887,0.0,1.0,0.8133891213389122,0.17690376569037658,0.0,0.009707112970711298,1.0,0.9660597451790632,0,0
217,First by Tullock,2.4451882845188284,1.0,0.0,1.0,0.8152301255230125,0.18476987447698745,0.0,0.0,1.0,1.0,0,0
218,Second by Black,2.4451882845188284,1.0,0.0,1.0,0.8142259414225941,0.18577405857740587,0.0,0.0,1.0,1.0,0,0
219,Worse and Worse,2.4443514644351465,0.9966527196652719,2.0,0.999163179916318,0.8075313807531381,0.1891213389121339,0.002677824267782427,0.0006694560669456067,0.9952824312242595,0.9989473684210527,1.0,0
220,Adaptive,2.4426778242677822,1.0,0.0,1.0,0.8128870292887029,0.18711297071129707,0.0,0.0,1.0,1.0,0,0
221,Second by Mikkelson,2.4410041841004184,0.9889539748953975,0.0,1.0,0.8108786610878661,0.1780753138075314,0.00016736401673640169,0.01087866108786611,1.0,0.9612317747611865,0,0
222,"Grumpy: Nice, 10, -10",2.4401673640167365,1.0,0.0,1.0,0.8113807531380752,0.1886192468619247,0.0,0.0,1.0,1.0,0,0
223,Level Punisher,2.4401673640167365,1.0,0.0,1.0,0.8128870292887029,0.18711297071129707,0.0,0.0,1.0,1.0,0,0
224,Second by Champion,2.4401673640167365,1.0,0.0,1.0,0.8115481171548118,0.18845188284518827,0.0,0.0,1.0,1.0,0,0
225,Cycle Hunter,2.435146443514644,1.0,0.0,1.0,0.8117154811715481,0.18828451882845187,0.0,0.0,1.0,1.0,0,0
226,Eventual Cycle Hunter,2.435146443514644,1.0,0.0,1.0,0.8110460251046026,0.1889539748953975,0.0,0.0,1.0,1.0,0,0
227,Second by Rowsam,2.435146443514644,1.0,0.0,1.0,0.8107112970711297,0.1892887029288703,0.0,0.0,1.0,1.0,0,0
228,First by Davis: 10,2.4326359832635984,1.0,0.0,1.0,0.810376569037657,0.1896234309623431,0.0,0.0,1.0,1.0,0,0
229,Second by Colbert,2.4326359832635984,1.0,0.0,1.0,0.8107112970711297,0.1892887029288703,0.0,0.0,1.0,1.0,0,0
230,Meta Hunter: 6 players,2.4317991631799165,0.9889539748953975,0.0,1.0,0.8078661087866109,0.1810878661087866,0.00016736401673640169,0.01087866108786611,1.0,0.9605266528343452,0,0
231,Alternator Hunter,2.4276150627615065,1.0,0.0,1.0,0.8105439330543933,0.1894560669456067,0.0,0.0,1.0,1.0,0,0
232,Random Hunter,2.4276150627615065,1.0,0.0,1.0,0.8118828451882845,0.18811715481171548,0.0,0.0,1.0,1.0,0,0
233,Second by White,2.4276150627615065,1.0,0.0,1.0,0.8108786610878661,0.1891213389121339,0.0,0.0,1.0,1.0,0,0
234,Cycler CCCCCD,2.422594142259414,1.0,0.0,1.0,0.8066945606694561,0.19330543933054395,0.0,0.0,1.0,1.0,0,0
235,Second by WmAdams,2.422594142259414,1.0,0.0,1.0,0.8100418410041841,0.1899581589958159,0.0,0.0,1.0,1.0,0,0
236,Cooperator,2.410041841004184,1.0,0.0,1.0,0.8065271966527197,0.19347280334728034,0.0,0.0,1.0,1.0,0,0
237,Willing,2.402510460251046,0.8590794979079498,30.0,0.501255230125523,0.6317991631799164,0.22728033472803347,0.09238493723849371,0.048535564853556486,1.0,1.0,1.0,0
238,Opposite Grudger,2.373221757322176,0.7138075313807531,59.0,0.0,0.44652719665271967,0.2672803347280335,0.18443514644351466,0.10175732217573222,1.0,1.0,1.0,0
239,SolutionB1,2.3723849372384938,0.5298744769874477,80.0,0.0,0.27732217573221757,0.25255230125523015,0.26778242677824265,0.20234309623430963,1.0,1.0,0.46182327097505665,0.9286943509165732
